{"version": "1", "message": "ERROR: Hidden Testcases server unreachable.", "problem_id": "ads2_m6_a1_1", "user_id": "Mounika2010", "score": {"sample": {"0": {"execution_time": 0.20371055603027344, "passed": false}, "1": {"execution_time": 0.2892782688140869, "passed": false}, "2": {"execution_time": 0.20845556259155273, "passed": false}, "3": {"execution_time": 0.17440342903137207, "passed": false}, "4": {"execution_time": 0.3021981716156006, "passed": false}, "5": {"execution_time": 0.19266057014465332, "passed": false}, "6": {"execution_time": 0.29875755310058594, "passed": false}, "7": {"execution_time": 0.18165040016174316, "passed": false}, "8": {"execution_time": 0.29151320457458496, "passed": false}, "9": {"execution_time": 0.2643439769744873, "passed": false}, "10": {"execution_time": 0.1690073013305664, "passed": false}, "11": {"execution_time": 0.20792508125305176, "passed": false}}}, "check_style_score": "0/1"}