{"version": "1", "message": "ERROR: Hidden Testcases server unreachable.", "problem_id": "ads2_m4_a1_1", "user_id": "Mounika2010", "score": {"sample": {"0": {"execution_time": 0.9505627155303955, "passed": false}, "1": {"execution_time": 0.33704161643981934, "passed": false}, "2": {"execution_time": 0.30368804931640625, "passed": false}, "3": {"execution_time": 0.3755309581756592, "passed": false}, "4": {"execution_time": 0.2265160083770752, "passed": false}, "5": {"execution_time": 0.27965426445007324, "passed": false}, "6": {"execution_time": 0.2028963565826416, "passed": false}, "7": {"execution_time": 0.2220447063446045, "passed": false}, "8": {"execution_time": 0.2627720832824707, "passed": false}, "9": {"execution_time": 0.2230994701385498, "passed": false}, "10": {"execution_time": 0.30106163024902344, "passed": false}, "11": {"execution_time": 0.22161602973937988, "passed": false}, "12": {"execution_time": 0.32387423515319824, "passed": false}, "13": {"execution_time": 0.6535148620605469, "passed": false}, "14": {"execution_time": 0.2535281181335449, "passed": false}}}, "check_style_score": "0/1"}