{"version": "1", "message": "ERROR: Hidden Testcases server unreachable.", "problem_id": "ads2_m16_a1_1", "user_id": "Mounika2010", "score": {"sample": {"0": {"execution_time": 0.398942232131958, "passed": true}, "1": {"execution_time": 0.38134765625, "passed": true}, "2": {"execution_time": 0.6541380882263184, "passed": true}, "3": {"execution_time": 0.6487853527069092, "passed": true}, "4": {"execution_time": 0.6576197147369385, "passed": true}, "5": {"execution_time": 0.5996339321136475, "passed": true}, "6": {"execution_time": 0.8389132022857666, "passed": true}, "7": {"execution_time": 0.6816182136535645, "passed": true}, "8": {"execution_time": 0.46788883209228516, "passed": true}, "9": {"execution_time": 0.9254045486450195, "passed": true}, "10": {"execution_time": 0.6290435791015625, "passed": true}, "11": {"execution_time": 3.5700042247772217, "passed": true}, "12": {"execution_time": 0.68536376953125, "passed": true}, "13": {"execution_time": 0.36837005615234375, "passed": true}, "14": {"execution_time": 0.7650134563446045, "passed": true}, "15": {"execution_time": 1.2490036487579346, "passed": true}, "16": {"execution_time": 0.4081895351409912, "passed": true}, "17": {"execution_time": 0.3373267650604248, "passed": true}, "18": {"execution_time": 0.3812837600708008, "passed": true}, "19": {"execution_time": 1.0203030109405518, "passed": true}, "20": {"execution_time": 0.3879835605621338, "passed": true}, "21": {"execution_time": 0.3114888668060303, "passed": true}, "22": {"execution_time": 0.3469412326812744, "passed": true}, "23": {"execution_time": 0.305164098739624, "passed": true}, "24": {"execution_time": 0.31507086753845215, "passed": true}, "25": {"execution_time": 0.6657412052154541, "passed": true}, "26": {"execution_time": 0.6089925765991211, "passed": true}, "27": {"execution_time": 0.6947994232177734, "passed": true}, "28": {"execution_time": 0.9167070388793945, "passed": true}, "29": {"execution_time": 0.2763705253601074, "passed": false}}}, "check_style_score": "0/1"}