{"version": "1", "message": "ERROR: Hidden Testcases server unreachable.", "problem_id": "ads2_m16_a1_1", "user_id": "Mounika2010", "score": {"sample": {"0": {"execution_time": 0.6123480796813965, "passed": false}, "1": {"execution_time": 0.2562220096588135, "passed": false}, "2": {"execution_time": 0.3816869258880615, "passed": false}, "3": {"execution_time": 0.39144110679626465, "passed": false}, "4": {"execution_time": 0.43245840072631836, "passed": false}, "5": {"execution_time": 0.3728611469268799, "passed": false}, "6": {"execution_time": 0.3930671215057373, "passed": false}, "7": {"execution_time": 0.42398715019226074, "passed": false}, "8": {"execution_time": 0.29918479919433594, "passed": false}, "9": {"execution_time": 0.4412539005279541, "passed": false}, "10": {"execution_time": 0.36960864067077637, "passed": false}, "11": {"execution_time": 0.2663702964782715, "passed": false}, "12": {"execution_time": 0.7759571075439453, "passed": false}, "13": {"execution_time": 0.3976163864135742, "passed": false}, "14": {"execution_time": 0.753474235534668, "passed": false}, "15": {"execution_time": 0.7595107555389404, "passed": false}, "16": {"execution_time": 0.48102521896362305, "passed": false}, "17": {"execution_time": 0.4661996364593506, "passed": false}, "18": {"execution_time": 0.4962196350097656, "passed": false}, "19": {"execution_time": 0.47414684295654297, "passed": false}, "20": {"execution_time": 0.504716157913208, "passed": false}, "21": {"execution_time": 0.49329042434692383, "passed": false}, "22": {"execution_time": 0.4923124313354492, "passed": false}, "23": {"execution_time": 0.49437689781188965, "passed": false}, "24": {"execution_time": 0.4026312828063965, "passed": false}, "25": {"execution_time": 0.7403497695922852, "passed": false}, "26": {"execution_time": 0.387331485748291, "passed": false}, "27": {"execution_time": 1.0095157623291016, "passed": false}, "28": {"execution_time": 0.9651072025299072, "passed": false}, "29": {"execution_time": 0.4959874153137207, "passed": false}}}, "check_style_score": "0/1"}