{"version": "1", "message": "ERROR: Hidden Testcases server unreachable.", "problem_id": "ads2_m16_a1_1", "user_id": "Mounika2010", "score": {"sample": {"0": {"execution_time": 0.3465139865875244, "passed": true}, "1": {"execution_time": 0.4715003967285156, "passed": true}, "2": {"execution_time": 0.6843688488006592, "passed": true}, "3": {"execution_time": 0.6854133605957031, "passed": true}, "4": {"execution_time": 0.6339335441589355, "passed": true}, "5": {"execution_time": 0.6891956329345703, "passed": true}, "6": {"execution_time": 0.7070779800415039, "passed": true}, "7": {"execution_time": 0.6233325004577637, "passed": true}, "8": {"execution_time": 1.4613063335418701, "passed": true}, "9": {"execution_time": 0.6935231685638428, "passed": true}, "10": {"execution_time": 0.6842527389526367, "passed": true}, "11": {"execution_time": 4.277395963668823, "passed": true}, "12": {"execution_time": 0.6557788848876953, "passed": true}, "13": {"execution_time": 0.24026060104370117, "passed": true}, "14": {"execution_time": 0.7441442012786865, "passed": true}, "15": {"execution_time": 0.6138417720794678, "passed": true}, "16": {"execution_time": 0.3679969310760498, "passed": true}, "17": {"execution_time": 0.37485480308532715, "passed": true}, "18": {"execution_time": 0.3698008060455322, "passed": true}, "19": {"execution_time": 0.7379941940307617, "passed": true}, "20": {"execution_time": 0.3858513832092285, "passed": true}, "21": {"execution_time": 0.41290903091430664, "passed": true}, "22": {"execution_time": 1.2117671966552734, "passed": true}, "23": {"execution_time": 0.4711635112762451, "passed": true}, "24": {"execution_time": 0.3604586124420166, "passed": true}, "25": {"execution_time": 0.6726503372192383, "passed": true}, "26": {"execution_time": 0.6260063648223877, "passed": true}, "27": {"execution_time": 1.1262786388397217, "passed": true}, "28": {"execution_time": 1.1983556747436523, "passed": true}, "29": {"execution_time": 0.389049768447876, "passed": false}}}, "check_style_score": "0/1"}