{"version": "1", "message": "ERROR: Hidden Testcases server unreachable.", "problem_id": "ads2_m16_a1_1", "user_id": "Mounika2010", "score": {"sample": {"0": {"execution_time": 0.33762407302856445, "passed": true}, "1": {"execution_time": 0.32015323638916016, "passed": true}, "2": {"execution_time": 0.5997004508972168, "passed": true}, "3": {"execution_time": 0.652937650680542, "passed": true}, "4": {"execution_time": 0.6377966403961182, "passed": true}, "5": {"execution_time": 0.7610511779785156, "passed": true}, "6": {"execution_time": 0.6934971809387207, "passed": true}, "7": {"execution_time": 0.7047572135925293, "passed": true}, "8": {"execution_time": 0.38454461097717285, "passed": true}, "9": {"execution_time": 0.7070074081420898, "passed": true}, "10": {"execution_time": 0.630047082901001, "passed": true}, "11": {"execution_time": 3.5621867179870605, "passed": true}, "12": {"execution_time": 0.739696741104126, "passed": true}, "13": {"execution_time": 0.35804080963134766, "passed": true}, "14": {"execution_time": 0.8662769794464111, "passed": true}, "15": {"execution_time": 0.664090633392334, "passed": true}, "16": {"execution_time": 0.46267127990722656, "passed": true}, "17": {"execution_time": 0.4360952377319336, "passed": true}, "18": {"execution_time": 0.3891639709472656, "passed": true}, "19": {"execution_time": 0.36306142807006836, "passed": true}, "20": {"execution_time": 0.3611948490142822, "passed": true}, "21": {"execution_time": 0.35398173332214355, "passed": true}, "22": {"execution_time": 0.34723520278930664, "passed": true}, "23": {"execution_time": 0.3736381530761719, "passed": true}, "24": {"execution_time": 0.307340145111084, "passed": true}, "25": {"execution_time": 0.6560540199279785, "passed": true}, "26": {"execution_time": 0.6557543277740479, "passed": true}, "27": {"execution_time": 0.7712125778198242, "passed": true}, "28": {"execution_time": 1.1319935321807861, "passed": true}, "29": {"execution_time": 0.2864851951599121, "passed": true}}}, "check_style_score": "0/1"}