{"version": "1", "message": "ERROR: Hidden Testcases server unreachable.", "problem_id": "ads2_m16_a1_1", "user_id": "Mounika2010", "score": {"sample": {"0": {"execution_time": 0.20484209060668945, "passed": false}, "1": {"execution_time": 0.2292020320892334, "passed": false}, "2": {"execution_time": 0.36472630500793457, "passed": false}, "3": {"execution_time": 0.34621667861938477, "passed": false}, "4": {"execution_time": 0.3473796844482422, "passed": false}, "5": {"execution_time": 0.36174750328063965, "passed": false}, "6": {"execution_time": 0.3591616153717041, "passed": false}, "7": {"execution_time": 0.3410022258758545, "passed": false}, "8": {"execution_time": 0.24779677391052246, "passed": false}, "9": {"execution_time": 0.397860050201416, "passed": false}, "10": {"execution_time": 0.3616957664489746, "passed": false}, "11": {"execution_time": 0.19248247146606445, "passed": false}, "12": {"execution_time": 0.35840535163879395, "passed": false}, "13": {"execution_time": 0.21656489372253418, "passed": true}, "14": {"execution_time": 0.355466365814209, "passed": false}, "15": {"execution_time": 0.38375186920166016, "passed": false}, "16": {"execution_time": 0.22744226455688477, "passed": false}, "17": {"execution_time": 0.2082996368408203, "passed": false}, "18": {"execution_time": 0.24816131591796875, "passed": false}, "19": {"execution_time": 0.23291587829589844, "passed": false}, "20": {"execution_time": 0.28550219535827637, "passed": false}, "21": {"execution_time": 0.23561954498291016, "passed": false}, "22": {"execution_time": 0.24458622932434082, "passed": false}, "23": {"execution_time": 0.21210598945617676, "passed": false}, "24": {"execution_time": 0.2131974697113037, "passed": true}, "25": {"execution_time": 0.3669242858886719, "passed": false}, "26": {"execution_time": 0.3622565269470215, "passed": false}, "27": {"execution_time": 0.3575913906097412, "passed": false}, "28": {"execution_time": 0.499387264251709, "passed": false}, "29": {"execution_time": 0.24358248710632324, "passed": false}}}, "check_style_score": "0/1"}