{"version": "1", "message": "ERROR: Hidden Testcases server unreachable.", "problem_id": "ads2_m16_a1_1", "user_id": "Mounika2010", "score": {"sample": {"0": {"execution_time": 0.318469762802124, "passed": false}, "1": {"execution_time": 0.24643349647521973, "passed": false}, "2": {"execution_time": 0.43201470375061035, "passed": false}, "3": {"execution_time": 0.4393496513366699, "passed": false}, "4": {"execution_time": 0.4493095874786377, "passed": false}, "5": {"execution_time": 0.45464611053466797, "passed": false}, "6": {"execution_time": 0.45414113998413086, "passed": false}, "7": {"execution_time": 0.49208807945251465, "passed": false}, "8": {"execution_time": 1.0263547897338867, "passed": false}, "9": {"execution_time": 0.4737272262573242, "passed": false}, "10": {"execution_time": 1.3473975658416748, "passed": false}, "11": {"execution_time": 0.2864205837249756, "passed": false}, "12": {"execution_time": 0.4710564613342285, "passed": false}, "13": {"execution_time": 0.22862648963928223, "passed": false}, "14": {"execution_time": 0.5146973133087158, "passed": false}, "15": {"execution_time": 1.0210614204406738, "passed": false}, "16": {"execution_time": 0.4558894634246826, "passed": false}, "17": {"execution_time": 0.3484947681427002, "passed": false}, "18": {"execution_time": 0.2395954132080078, "passed": false}, "19": {"execution_time": 0.3059377670288086, "passed": false}, "20": {"execution_time": 0.32769036293029785, "passed": false}, "21": {"execution_time": 0.34138989448547363, "passed": false}, "22": {"execution_time": 0.32009387016296387, "passed": false}, "23": {"execution_time": 0.32390618324279785, "passed": false}, "24": {"execution_time": 0.2612793445587158, "passed": false}, "25": {"execution_time": 0.4491767883300781, "passed": false}, "26": {"execution_time": 0.3703486919403076, "passed": false}, "27": {"execution_time": 0.4860062599182129, "passed": false}, "28": {"execution_time": 0.5019299983978271, "passed": false}, "29": {"execution_time": 0.2777831554412842, "passed": true}}}, "check_style_score": "1/1"}