{"version": "1", "message": "ERROR: Hidden Testcases server unreachable.", "problem_id": "ads2_m16_a1_1", "user_id": "Mounika2010", "score": {"sample": {"0": {"execution_time": 0.6880242824554443, "passed": true}, "1": {"execution_time": 0.4903590679168701, "passed": true}, "2": {"execution_time": 1.2236685752868652, "passed": true}, "3": {"execution_time": 1.2847981452941895, "passed": true}, "4": {"execution_time": 1.2219548225402832, "passed": true}, "5": {"execution_time": 1.3331456184387207, "passed": true}, "6": {"execution_time": 1.2455213069915771, "passed": true}, "7": {"execution_time": 1.1762568950653076, "passed": true}, "8": {"execution_time": 0.5858352184295654, "passed": true}, "9": {"execution_time": 1.3376221656799316, "passed": true}, "10": {"execution_time": 1.1647241115570068, "passed": true}, "11": {"execution_time": 5.736422061920166, "passed": true}, "12": {"execution_time": 1.2769911289215088, "passed": true}, "13": {"execution_time": 0.5831589698791504, "passed": true}, "14": {"execution_time": 1.1616320610046387, "passed": true}, "15": {"execution_time": 1.29286527633667, "passed": true}, "16": {"execution_time": 0.6093735694885254, "passed": true}, "17": {"execution_time": 0.8180961608886719, "passed": true}, "18": {"execution_time": 0.8673322200775146, "passed": true}, "19": {"execution_time": 0.6703267097473145, "passed": true}, "20": {"execution_time": 0.7878928184509277, "passed": true}, "21": {"execution_time": 0.7994935512542725, "passed": true}, "22": {"execution_time": 0.5313146114349365, "passed": true}, "23": {"execution_time": 0.6555931568145752, "passed": true}, "24": {"execution_time": 0.48642587661743164, "passed": true}, "25": {"execution_time": 1.287938117980957, "passed": true}, "26": {"execution_time": 1.1151113510131836, "passed": true}, "27": {"execution_time": 1.3042247295379639, "passed": true}, "28": {"execution_time": 1.9607617855072021, "passed": true}, "29": {"execution_time": 0.7408077716827393, "passed": false}}}, "check_style_score": "1/1"}