{"version": "1", "message": "ERROR: Hidden Testcases server unreachable.", "problem_id": "ads2_m16_a1_1", "user_id": "Mounika2010", "score": {"sample": {"0": {"execution_time": 0.6702210903167725, "passed": true}, "1": {"execution_time": 0.34606337547302246, "passed": true}, "2": {"execution_time": 0.7404696941375732, "passed": true}, "3": {"execution_time": 0.7288651466369629, "passed": true}, "4": {"execution_time": 0.6793186664581299, "passed": true}, "5": {"execution_time": 0.7059288024902344, "passed": true}, "6": {"execution_time": 0.7118809223175049, "passed": true}, "7": {"execution_time": 0.7023739814758301, "passed": true}, "8": {"execution_time": 0.39287400245666504, "passed": true}, "9": {"execution_time": 0.6393885612487793, "passed": true}, "10": {"execution_time": 0.667452335357666, "passed": true}, "11": {"execution_time": 2.2167091369628906, "passed": true}, "12": {"execution_time": 1.2646563053131104, "passed": true}, "13": {"execution_time": 0.6266229152679443, "passed": true}, "14": {"execution_time": 1.6176438331604004, "passed": true}, "15": {"execution_time": 0.7354903221130371, "passed": true}, "16": {"execution_time": 0.5256245136260986, "passed": true}, "17": {"execution_time": 0.4916496276855469, "passed": true}, "18": {"execution_time": 0.5252866744995117, "passed": true}, "19": {"execution_time": 0.44664931297302246, "passed": true}, "20": {"execution_time": 0.4451944828033447, "passed": true}, "21": {"execution_time": 0.4697575569152832, "passed": true}, "22": {"execution_time": 0.4296529293060303, "passed": true}, "23": {"execution_time": 0.4787757396697998, "passed": true}, "24": {"execution_time": 0.35761022567749023, "passed": true}, "25": {"execution_time": 0.8127322196960449, "passed": true}, "26": {"execution_time": 0.7087702751159668, "passed": true}, "27": {"execution_time": 2.0196664333343506, "passed": true}, "28": {"execution_time": 2.266476631164551, "passed": true}, "29": {"execution_time": 0.30571436882019043, "passed": false}}}, "check_style_score": "1/1"}