{"version": "1", "message": "ERROR: Hidden Testcases server unreachable.", "problem_id": "ads2_m2_a1_1", "user_id": "Mounika2010", "score": {"sample": {"0": {"execution_time": 0.1960611343383789, "passed": true}, "1": {"execution_time": 0.15883636474609375, "passed": true}, "2": {"execution_time": 0.1587228775024414, "passed": true}, "3": {"execution_time": 0.19038081169128418, "passed": true}, "4": {"execution_time": 0.16001200675964355, "passed": true}, "5": {"execution_time": 0.1706068515777588, "passed": true}, "6": {"execution_time": 0.16276049613952637, "passed": true}, "7": {"execution_time": 0.18390893936157227, "passed": true}, "8": {"execution_time": 0.16186189651489258, "passed": true}, "9": {"execution_time": 0.17886090278625488, "passed": true}, "10": {"execution_time": 0.1582164764404297, "passed": true}, "11": {"execution_time": 0.20243430137634277, "passed": true}, "12": {"execution_time": 0.16483211517333984, "passed": true}, "13": {"execution_time": 0.1853318214416504, "passed": true}, "14": {"execution_time": 0.16071867942810059, "passed": true}, "15": {"execution_time": 0.20855236053466797, "passed": true}, "16": {"execution_time": 0.20715045928955078, "passed": true}, "17": {"execution_time": 0.2237529754638672, "passed": true}, "18": {"execution_time": 0.20960712432861328, "passed": true}, "19": {"execution_time": 0.221116304397583, "passed": true}, "20": {"execution_time": 0.2253735065460205, "passed": true}, "21": {"execution_time": 0.19205117225646973, "passed": true}, "22": {"execution_time": 0.38612914085388184, "passed": true}, "23": {"execution_time": 0.32245302200317383, "passed": true}}}, "check_style_score": "0/1"}