{"version": "1", "message": "ERROR: Hidden Testcases server unreachable.", "problem_id": "ads2_m6_a1_1", "user_id": "Mounika2010", "score": {"sample": {"0": {"execution_time": 0.28624939918518066, "passed": false}, "1": {"execution_time": 0.2774956226348877, "passed": false}, "2": {"execution_time": 0.21113848686218262, "passed": false}, "3": {"execution_time": 0.24542903900146484, "passed": false}, "4": {"execution_time": 0.3638179302215576, "passed": false}, "5": {"execution_time": 0.3750314712524414, "passed": false}, "6": {"execution_time": 0.24641156196594238, "passed": false}, "7": {"execution_time": 0.23796486854553223, "passed": false}, "8": {"execution_time": 0.2507822513580322, "passed": false}, "9": {"execution_time": 0.27701520919799805, "passed": false}, "10": {"execution_time": 0.17458462715148926, "passed": false}, "11": {"execution_time": 0.27021241188049316, "passed": false}}}, "check_style_score": "0/1"}